<?xml version="1.0" encoding="UTF-8"?>
<project-private xmlns="http://www.netbeans.org/ns/project-private/1">
    <editor-bookmarks xmlns="http://www.netbeans.org/ns/editor-bookmarks/2" lastBookmarkId="0"/>
    <open-files xmlns="http://www.netbeans.org/ns/projectui-open-files/2">
        <group>
            <file>file:/C:/Users/Estudiante/Documents/proyecto%20de%20aula%203/src/Presentacion/Ingresar.java</file>
            <file>file:/C:/Users/Estudiante/Documents/proyecto%20de%20aula%203/src/Negocio/estadistica.java</file>
            <file>file:/C:/Users/Estudiante/Documents/proyecto%20de%20aula%203/src/Presentacion/Eliminar.java</file>
            <file>file:/C:/Users/Estudiante/Documents/proyecto%20de%20aula%203/src/Presentacion/Menu.java</file>
            <file>file:/C:/Users/Estudiante/Documents/proyecto%20de%20aula%203/src/Diagrama/muestral.puml</file>
            <file>file:/C:/Users/Estudiante/Documents/proyecto%20de%20aula%203/src/Datos/Dominc/Constants/EstudianteEnum.java</file>
            <file>file:/C:/Users/Estudiante/Documents/proyecto%20de%20aula%203/src/Presentacion/Listar.java</file>
            <file>file:/C:/Users/Estudiante/Documents/proyecto%20de%20aula%203/src/Datos/Business/Exceptions/EstudianteException.java</file>
            <file>file:/C:/Users/Estudiante/Documents/proyecto%20de%20aula%203/src/Datos/Registro.java</file>
            <file>file:/C:/Users/Estudiante/Documents/proyecto%20de%20aula%203/src/Datos/Dominc/Constants/MatematicaEnum.java</file>
            <file>file:/C:/Users/Estudiante/Documents/proyecto%20de%20aula%203/src/Negocio/Matematica.java</file>
            <file>file:/C:/Users/Estudiante/Documents/proyecto%20de%20aula%203/src/Datos/Dominc/Constants/estadisticaEnum.java</file>
            <file>file:/C:/Users/Estudiante/Documents/proyecto%20de%20aula%203/src/Negocio/Estudiante.java</file>
        </group>
    </open-files>
</project-private>
